experiment,param,n,w,d,evaluator,formulas,traces,reps,total_s,ns_per_eval,trues,hash,undecided,unsupported,constant_operand,agrees
depth,1,128,8,1,topdown,1,4,960989,0.3,78.045,4,b5d0e0774c7d7499,0,0,0,True
depth,1,128,8,1,bottomup,1,4,505376,0.300001,148.405,4,b5d0e0774c7d7499,0,0,0,True
depth,1,128,8,1,libmltl,1,4,4681317,0.3,16.021,4,b5d0e0774c7d7499,0,0,0,True
depth,1,128,8,1,r2u2,1,4,16908,0.023029,340.506,4,b5d0e0774c7d7499,0,0,0,True
depth,2,128,8,2,topdown,1,4,121207,0.300002,618.779,4,b5d0e0774c7d7499,0,0,0,True
depth,2,128,8,2,bottomup,1,4,265751,0.300001,282.22,4,b5d0e0774c7d7499,0,0,0,True
depth,2,128,8,2,libmltl,1,4,617971,0.3,121.365,4,b5d0e0774c7d7499,0,0,0,True
depth,2,128,8,2,r2u2,1,4,16877,0.042329,627.017,4,b5d0e0774c7d7499,0,0,0,True
depth,3,128,8,3,topdown,1,4,13597,0.300004,5515.997,4,b5d0e0774c7d7499,0,0,0,True
depth,3,128,8,3,bottomup,1,4,172758,0.3,434.134,4,b5d0e0774c7d7499,0,0,0,True
depth,3,128,8,3,libmltl,1,4,68290,0.300002,1098.265,4,b5d0e0774c7d7499,0,0,0,True
depth,3,128,8,3,r2u2,1,4,16565,0.063378,956.506,4,b5d0e0774c7d7499,0,0,0,True
depth,4,128,8,4,topdown,1,4,1511,0.300021,49639.422,4,b5d0e0774c7d7499,0,0,0,True
depth,4,128,8,4,bottomup,1,4,117724,0.300001,637.086,4,b5d0e0774c7d7499,0,0,0,True
depth,4,128,8,4,libmltl,1,4,7747,0.300002,9681.226,4,b5d0e0774c7d7499,0,0,0,True
depth,4,128,8,4,r2u2,1,4,16657,0.08179,1227.569,4,b5d0e0774c7d7499,0,0,0,True
depth,5,128,8,5,topdown,1,4,168,0.301151,448141.988,4,b5d0e0774c7d7499,0,0,0,True
depth,5,128,8,5,bottomup,1,4,92483,0.300003,810.967,4,b5d0e0774c7d7499,0,0,0,True
depth,5,128,8,5,libmltl,1,4,850,0.300275,88316.274,4,b5d0e0774c7d7499,0,0,0,True
depth,5,128,8,5,r2u2,1,4,16624,0.10126,1522.795,4,b5d0e0774c7d7499,0,0,0,True
depth,6,128,8,6,topdown,1,4,19,0.305972,4025942.987,4,b5d0e0774c7d7499,0,0,0,True
depth,6,128,8,6,bottomup,1,4,72867,0.300001,1029.277,4,b5d0e0774c7d7499,0,0,0,True
depth,6,128,8,6,libmltl,1,4,95,0.303803,799480.592,4,b5d0e0774c7d7499,0,0,0,True
depth,6,128,8,6,r2u2,1,4,16613,0.120668,1815.873,4,b5d0e0774c7d7499,0,0,0,True
depth,7,128,8,7,topdown,1,4,3,0.436671,36389291.667,4,b5d0e0774c7d7499,0,0,0,True
depth,7,128,8,7,bottomup,1,4,56404,0.300001,1329.699,4,b5d0e0774c7d7499,0,0,0,True
depth,7,128,8,7,libmltl,1,4,11,0.322124,7320990.523,4,b5d0e0774c7d7499,0,0,0,True
depth,7,128,8,7,r2u2,1,4,16623,0.139251,2094.245,4,b5d0e0774c7d7499,0,0,0,True
