experiment,param,n,w,regime,evaluator,formulas,traces,reps,total_s,ns_per_eval,trues,hash,undecided,unsupported,constant_operand,agrees
width,1,8192,1,periodic,topdown,4,16,167928,0.300001,27.914,64,ea7805377dec9065,0,0,0,True
width,1,8192,1,periodic,bottomup,4,16,20384,0.300013,229.97,64,ea7805377dec9065,0,0,0,True
width,1,8192,1,periodic,libmltl,4,16,580445,0.3,8.076,64,ea7805377dec9065,0,0,0,True
width,1,8192,1,periodic,r2u2,4,16,1056,0.00961,142.199,64,ea7805377dec9065,0,0,0,True
width,2,8192,2,periodic,topdown,4,16,83979,0.300001,55.818,64,ea7805377dec9065,0,0,0,True
width,2,8192,2,periodic,bottomup,4,16,18261,0.3,256.695,64,ea7805377dec9065,0,0,0,True
width,2,8192,2,periodic,libmltl,4,16,280773,0.300001,16.695,64,ea7805377dec9065,0,0,0,True
width,2,8192,2,periodic,r2u2,4,16,1053,0.016539,245.41,64,ea7805377dec9065,0,0,0,True
width,4,8192,4,periodic,topdown,4,16,38202,0.300002,122.704,64,ea7805377dec9065,0,0,0,True
width,4,8192,4,periodic,bottomup,4,16,14875,0.300013,315.14,64,ea7805377dec9065,0,0,0,True
width,4,8192,4,periodic,libmltl,4,16,116551,0.300002,40.219,64,ea7805377dec9065,0,0,0,True
width,4,8192,4,periodic,r2u2,4,16,1063,0.026028,382.58,64,ea7805377dec9065,0,0,0,True
width,8,8192,8,periodic,topdown,4,16,12334,0.300012,380.063,64,ea7805377dec9065,0,0,0,True
width,8,8192,8,periodic,bottomup,4,16,11970,0.300008,391.615,64,ea7805377dec9065,0,0,0,True
width,8,8192,8,periodic,libmltl,4,16,50426,0.300004,92.959,64,ea7805377dec9065,0,0,0,True
width,8,8192,8,periodic,r2u2,4,16,1062,0.048866,718.959,64,ea7805377dec9065,0,0,0,True
width,16,8192,16,periodic,topdown,4,16,3587,0.300054,1307.039,64,ea7805377dec9065,0,0,0,True
width,16,8192,16,periodic,bottomup,4,16,7961,0.30003,588.867,64,ea7805377dec9065,0,0,0,True
width,16,8192,16,periodic,libmltl,4,16,17858,0.300005,262.492,64,ea7805377dec9065,0,0,0,True
width,16,8192,16,periodic,r2u2,4,16,1063,0.097131,1427.724,64,ea7805377dec9065,0,0,0,True
width,32,8192,32,periodic,topdown,4,16,1047,0.300091,4478.437,64,ea7805377dec9065,0,0,0,True
width,32,8192,32,periodic,bottomup,4,16,4971,0.300022,943.04,64,ea7805377dec9065,0,0,0,True
width,32,8192,32,periodic,libmltl,4,16,4746,0.300027,987.763,64,ea7805377dec9065,0,0,0,True
width,32,8192,32,periodic,r2u2,4,16,1050,0.183928,2737.017,64,ea7805377dec9065,0,0,0,True
width,64,8192,64,periodic,topdown,4,16,284,0.30067,16542.15,64,ea7805377dec9065,0,0,0,True
width,64,8192,64,periodic,bottomup,4,16,2917,0.300059,1607.276,64,ea7805377dec9065,0,0,0,True
width,64,8192,64,periodic,libmltl,4,16,1363,0.300033,3439.486,64,ea7805377dec9065,0,0,0,True
width,64,8192,64,periodic,r2u2,4,16,860,0.300218,5454.54,64,ea7805377dec9065,0,0,0,True
width,128,8192,128,periodic,topdown,4,16,79,0.300439,59422.18,64,ea7805377dec9065,0,0,0,True
width,128,8192,128,periodic,bottomup,4,16,1586,0.300161,2957.136,64,ea7805377dec9065,0,0,0,True
width,128,8192,128,periodic,libmltl,4,16,373,0.300122,12572.135,64,ea7805377dec9065,0,0,0,True
width,128,8192,128,periodic,r2u2,4,16,492,0.300034,9528.533,64,ea7805377dec9065,0,0,0,True
width,256,8192,256,periodic,topdown,4,16,20,0.300575,234824.251,64,ea7805377dec9065,0,0,0,True
width,256,8192,256,periodic,bottomup,4,16,842,0.300286,5572.418,64,ea7805377dec9065,0,0,0,True
width,256,8192,256,periodic,libmltl,4,16,98,0.301777,48114.969,64,ea7805377dec9065,0,0,0,True
width,256,8192,256,periodic,r2u2,4,16,226,0.300406,20769.239,64,ea7805377dec9065,0,0,0,True
width,512,8192,512,periodic,topdown,4,16,5,0.3125,976563.803,64,ea7805377dec9065,0,0,0,True
width,512,8192,512,periodic,bottomup,4,16,371,0.300287,12646.855,64,ea7805377dec9065,0,0,0,True
width,512,8192,512,periodic,libmltl,4,16,26,0.30883,185595.052,64,ea7805377dec9065,0,0,0,True
width,512,8192,512,periodic,r2u2,4,16,106,0.300252,44258.918,64,ea7805377dec9065,0,0,0,True
width,1024,8192,1024,periodic,topdown,4,16,2,0.464849,3631634.766,64,ea7805377dec9065,0,0,0,True
width,1024,8192,1024,periodic,bottomup,4,16,197,0.300487,23833.046,64,ea7805377dec9065,0,0,0,True
width,1024,8192,1024,periodic,libmltl,4,16,7,0.324957,725351.375,64,ea7805377dec9065,0,0,0,True
width,1024,8192,1024,periodic,r2u2,4,16,60,0.302242,78708.77,64,ea7805377dec9065,0,0,0,True
width,2048,8192,2048,periodic,topdown,4,16,1,0.945867,14779166.016,64,ea7805377dec9065,0,0,0,True
width,2048,8192,2048,periodic,bottomup,4,16,82,0.301342,57420.398,64,ea7805377dec9065,0,0,0,True
width,2048,8192,2048,periodic,libmltl,4,16,2,0.376437,2940917.648,64,ea7805377dec9065,0,0,0,True
width,2048,8192,2048,periodic,r2u2,4,16,31,0.305436,153949.377,64,ea7805377dec9065,0,0,0,True
