experiment,param,n,impl,mode,formulas,traces,reps,total_s,ns_per_call,hash
length,8,8,rust,prog,4,4,19225,0.500004458,1625.5021391417426,2d30080d3fbe77e5
length,8,8,rust-mi,prog,4,4,34576,0.5000065,903.81785776261,2d30080d3fbe77e5
length,8,8,haskell,prog,4,4,30039,0.500014,1040.343386930324,2d30080d3fbe77e5
length,8,8,rust,prog-step,4,4,20270,0.500024375,1541.7623797483964,2d30080d3fbe77e5
length,8,8,rust-mi,prog-step,4,4,35324,0.500012541,884.6898372919263,2d30080d3fbe77e5
length,8,8,haskell,prog-step,4,4,29065,0.500008,1075.1935317392051,2d30080d3fbe77e5
length,16,16,rust,prog,4,4,6365,0.500061334,4910.26447368421,2d30080d3fbe77e5
length,16,16,rust-mi,prog,4,4,11016,0.500001,2836.7885348583877,2d30080d3fbe77e5
length,16,16,haskell,prog,4,4,9456,0.50001,3304.8461294416243,2d30080d3fbe77e5
length,16,16,rust,prog-step,4,4,6266,0.500078583,4988.016507740184,2d30080d3fbe77e5
length,16,16,rust-mi,prog-step,4,4,10760,0.500014041,2904.3566507899627,2d30080d3fbe77e5
length,16,16,haskell,prog-step,4,4,9189,0.500026,3400.9821525737293,2d30080d3fbe77e5
length,32,32,rust,prog,4,4,2688,0.50006175,11627.17982700893,2d30080d3fbe77e5
length,32,32,rust-mi,prog,4,4,4652,0.500040084,6718.079374462597,2d30080d3fbe77e5
length,32,32,haskell,prog,4,4,4155,0.500076,7522.202166064982,2d30080d3fbe77e5
length,32,32,rust,prog-step,4,4,2645,0.500092791,11816.937405482044,2d30080d3fbe77e5
length,32,32,rust-mi,prog-step,4,4,4427,0.500043083,7059.564645922746,2d30080d3fbe77e5
length,32,32,haskell,prog-step,4,4,3956,0.500122,7901.320778564206,2d30080d3fbe77e5
length,64,64,rust,prog,4,4,1271,0.5003585,24604.568253343827,2d30080d3fbe77e5
length,64,64,rust-mi,prog,4,4,2153,0.50001575,14515.087958662332,2d30080d3fbe77e5
length,64,64,haskell,prog,4,4,1839,0.500001,16992.96492659054,2d30080d3fbe77e5
length,64,64,rust,prog-step,4,4,1224,0.500095125,25535.903033088234,2d30080d3fbe77e5
length,64,64,rust-mi,prog-step,4,4,2100,0.5001725,14886.08630952381,2d30080d3fbe77e5
length,64,64,haskell,prog-step,4,4,1880,0.500251,16630.684840425532,2d30080d3fbe77e5
length,128,128,rust,prog,4,4,610,0.50046025,51276.6649590164,2d30080d3fbe77e5
length,128,128,rust-mi,prog,4,4,1042,0.500381625,30013.293246161233,2d30080d3fbe77e5
length,128,128,haskell,prog,4,4,935,0.500241,33438.56951871658,2d30080d3fbe77e5
length,128,128,rust,prog-step,4,4,588,0.50016625,53163.92963435375,2d30080d3fbe77e5
length,128,128,rust-mi,prog-step,4,4,1015,0.500057833,30791.73848522167,2d30080d3fbe77e5
length,128,128,haskell,prog-step,4,4,900,0.500105,34729.51388888889,2d30080d3fbe77e5
length,256,256,rust,prog,4,4,292,0.500077,107037.02910958904,2d30080d3fbe77e5
length,256,256,rust-mi,prog,4,4,506,0.500704917,61845.963068181816,2d30080d3fbe77e5
length,256,256,haskell,prog,4,4,450,0.500285,69484.02777777778,2d30080d3fbe77e5
length,256,256,rust,prog-step,4,4,290,0.500748208,107919.8724137931,2d30080d3fbe77e5
length,256,256,rust-mi,prog-step,4,4,498,0.50042325,62804.12274096385,2d30080d3fbe77e5
length,256,256,haskell,prog-step,4,4,438,0.501095,71503.28196347032,2d30080d3fbe77e5
length,512,512,rust,prog,4,4,147,0.5030745,213892.2193877551,2d30080d3fbe77e5
length,512,512,rust-mi,prog,4,4,246,0.500120292,127063.08231707316,2d30080d3fbe77e5
length,512,512,haskell,prog,4,4,225,0.500602,139056.11111111112,2d30080d3fbe77e5
length,512,512,rust,prog-step,4,4,140,0.501471708,223871.2982142857,2d30080d3fbe77e5
length,512,512,rust-mi,prog-step,4,4,246,0.501734042,127473.07977642278,2d30080d3fbe77e5
length,512,512,haskell,prog-step,4,4,216,0.501768,145187.5,2d30080d3fbe77e5
length,1024,1024,rust,prog,4,4,71,0.506326542,445709.98415492964,2d30080d3fbe77e5
length,1024,1024,rust-mi,prog,4,4,125,0.501039792,250519.89600000004,2d30080d3fbe77e5
length,1024,1024,haskell,prog,4,4,110,0.503086,285844.3181818182,2d30080d3fbe77e5
length,1024,1024,rust,prog-step,4,4,71,0.505002833,444544.747359155,2d30080d3fbe77e5
length,1024,1024,rust-mi,prog-step,4,4,124,0.503745791,253904.12852822585,2d30080d3fbe77e5
length,1024,1024,haskell,prog-step,4,4,104,0.503352,302495.1923076923,2d30080d3fbe77e5
length,2048,2048,rust,prog,4,4,37,0.508399083,858782.2347972973,2d30080d3fbe77e5
length,2048,2048,rust-mi,prog,4,4,62,0.500625083,504662.38205645164,2d30080d3fbe77e5
length,2048,2048,haskell,prog,4,4,54,0.502866,582020.8333333334,2d30080d3fbe77e5
length,2048,2048,rust,prog-step,4,4,36,0.513027083,890672.0190972222,2d30080d3fbe77e5
length,2048,2048,rust-mi,prog-step,4,4,60,0.502493833,523431.0760416666,2d30080d3fbe77e5
length,2048,2048,haskell,prog-step,4,4,53,0.507794,598813.679245283,2d30080d3fbe77e5
length,4096,4096,rust,prog,4,4,19,0.516408333,1698711.6217105263,2d30080d3fbe77e5
length,4096,4096,rust-mi,prog,4,4,32,0.507838125,991871.337890625,2d30080d3fbe77e5
length,4096,4096,haskell,prog,4,4,27,0.501638,1161199.0740740742,2d30080d3fbe77e5
length,4096,4096,rust,prog-step,4,4,18,0.509480875,1769030.8159722225,2d30080d3fbe77e5
length,4096,4096,rust-mi,prog-step,4,4,31,0.511209792,1030664.9032258065,2d30080d3fbe77e5
length,4096,4096,haskell,prog-step,4,4,27,0.510678,1182125.0,2d30080d3fbe77e5
length,8192,8192,rust,prog,4,4,9,0.504982667,3506824.0763888895,2d30080d3fbe77e5
length,8192,8192,rust-mi,prog,4,4,16,0.510856208,1995532.0625,2d30080d3fbe77e5
length,8192,8192,haskell,prog,4,4,13,0.502158,2414221.153846154,2d30080d3fbe77e5
length,8192,8192,rust,prog-step,4,4,9,0.509177125,3535952.2569444445,2d30080d3fbe77e5
length,8192,8192,rust-mi,prog-step,4,4,16,0.528107166,2062918.6171874998,2d30080d3fbe77e5
length,8192,8192,haskell,prog-step,4,4,14,0.530448,2368071.4285714286,2d30080d3fbe77e5
length,16384,16384,rust,prog,4,4,5,0.550531833,6881647.9125,2d30080d3fbe77e5
length,16384,16384,rust-mi,prog,4,4,8,0.523916167,4093095.0546875,2d30080d3fbe77e5
length,16384,16384,haskell,prog,4,4,7,0.529233,4725294.642857143,2d30080d3fbe77e5
length,16384,16384,rust,prog-step,4,4,5,0.566570625,7082132.8125,2d30080d3fbe77e5
length,16384,16384,rust-mi,prog-step,4,4,8,0.535890334,4186643.2343749995,2d30080d3fbe77e5
length,16384,16384,haskell,prog-step,4,4,6,0.521454,5431812.5,2d30080d3fbe77e5
