experiment,param,n,w,impl,mode,formulas,traces,reps,total_s,ns_per_call,hash
width,2,512,2,rust,prog,3,2,339,0.500988083,246306.82546705997,95cad595b2d69b57
width,2,512,2,rust-mi,prog,3,2,576,0.500779542,144901.48784722222,95cad595b2d69b57
width,2,512,2,haskell,prog,3,2,515,0.500393,161939.48220064724,95cad595b2d69b57
width,4,512,4,rust,prog,3,2,209,0.501590334,399992.2918660287,a46ed139d7c2481d
width,4,512,4,rust-mi,prog,3,2,347,0.500739042,240508.66570605183,a46ed139d7c2481d
width,4,512,4,haskell,prog,3,2,319,0.501248,261885.05747126436,a46ed139d7c2481d
width,8,512,8,rust,prog,3,2,103,0.500154709,809311.8268608415,d8cdf63b5ea4070e
width,8,512,8,rust-mi,prog,3,2,167,0.502431083,501428.2265469061,d8cdf63b5ea4070e
width,8,512,8,haskell,prog,3,2,142,0.500803,587796.9483568075,d8cdf63b5ea4070e
width,16,512,16,rust,prog,3,2,41,0.509191916,2069885.837398374,44283e1aa6de2ffc
width,16,512,16,rust-mi,prog,3,2,62,0.500252583,1344765.0080645161,44283e1aa6de2ffc
width,16,512,16,haskell,prog,3,2,51,0.506357,1654761.4379084967,44283e1aa6de2ffc
width,32,512,32,rust,prog,3,2,13,0.506002542,6487212.076923078,2d67f10abfe3df07
width,32,512,32,rust-mi,prog,3,2,18,0.520905292,4823197.148148148,2d67f10abfe3df07
width,32,512,32,haskell,prog,3,2,17,0.517302,5071588.235294118,2d67f10abfe3df07
width,64,512,64,rust,prog,3,2,4,0.61115825,25464927.083333332,322ee02f01bcd967
width,64,512,64,rust-mi,prog,3,2,5,0.592290375,19743012.5,322ee02f01bcd967
width,64,512,64,haskell,prog,3,2,5,0.586753,19558433.333333332,322ee02f01bcd967
width,128,512,128,rust,prog,3,2,1,0.585448375,97574729.16666667,34bae1272a36201c
width,128,512,128,rust-mi,prog,3,2,2,0.91920725,76600604.16666667,34bae1272a36201c
width,128,512,128,haskell,prog,3,2,2,0.968829,80735750.0,34bae1272a36201c
width,256,512,256,rust,prog,3,2,1,1.9585418749999999,326423645.8333333,ef119ce51fa32e03
width,256,512,256,rust-mi,prog,3,2,1,1.533536666,255589444.33333334,ef119ce51fa32e03
width,256,512,256,haskell,prog,3,2,1,2.681493,446915500.0,ef119ce51fa32e03
